,flight_id,iop_date_local,iop,drone_name,flight_number_of_day,nominal_altitude,takeoff_time_local,landing_time_local,takeoff_time_utc,landing_time_utc,sensor_aspirated,sensor_unaspirated
0,01,2022-05-24,1,Ac,1,200,2022-05-24 16:35:00,2022-05-24 16:53:00,2022-05-24 22:35:00,2022-05-24 22:53:00,X07,
1,01,2022-05-24,1,Cb,1,350,2022-05-24 16:35:00,2022-05-24 16:53:00,2022-05-24 22:35:00,2022-05-24 22:53:00,X06,
2,01,2022-05-24,1,St,1,50,2022-05-24 16:35:00,2022-05-24 16:53:00,2022-05-24 22:35:00,2022-05-24 22:53:00,X05,
3,02,2022-05-24,1,Ac,2,200,2022-05-24 17:14:00,2022-05-24 17:28:00,2022-05-24 23:14:00,2022-05-24 23:28:00,X07,
4,02,2022-05-24,1,Cb,2,350,2022-05-24 17:14:00,2022-05-24 17:28:00,2022-05-24 23:14:00,2022-05-24 23:28:00,X06,
5,02,2022-05-24,1,St,2,50,2022-05-24 17:14:00,2022-05-24 17:28:00,2022-05-24 23:14:00,2022-05-24 23:28:00,X05,
6,03,2022-05-24,1,Ac,3,200,2022-05-24 17:41:00,2022-05-24 17:56:00,2022-05-24 23:41:00,2022-05-24 23:56:00,X07,
7,03,2022-05-24,1,Cb,3,350,2022-05-24 17:41:00,2022-05-24 17:56:00,2022-05-24 23:41:00,2022-05-24 23:56:00,X06,
8,03,2022-05-24,1,St,3,50,2022-05-24 17:41:00,2022-05-24 17:56:00,2022-05-24 23:41:00,2022-05-24 23:56:00,X05,
9,04,2022-05-27,2,Ac,1,200,2022-05-27 13:48:00,2022-05-27 14:09:00,2022-05-27 19:48:00,2022-05-27 20:09:00,X02,
10,04,2022-05-27,2,Cb,1,350,2022-05-27 13:48:00,2022-05-27 14:06:00,2022-05-27 19:48:00,2022-05-27 20:06:00,X04,
11,04,2022-05-27,2,St,1,50,2022-05-27 13:48:00,2022-05-27 14:09:00,2022-05-27 19:48:00,2022-05-27 20:09:00,X09,
12,05,2022-05-27,2,Ac,2,200,2022-05-27 14:14:00,2022-05-27 14:33:00,2022-05-27 20:14:00,2022-05-27 20:33:00,X02,
13,05,2022-05-27,2,Cb,2,350,2022-05-27 14:14:00,2022-05-27 14:32:00,2022-05-27 20:14:00,2022-05-27 20:32:00,X04,
14,05,2022-05-27,2,St,2,50,2022-05-27 14:14:00,2022-05-27 14:34:00,2022-05-27 20:14:00,2022-05-27 20:34:00,X09,
15,06,2022-05-27,2,Ac,3,200,2022-05-27 15:05:00,2022-05-27 15:15:00,2022-05-27 21:05:00,2022-05-27 21:15:00,X02,
16,06,2022-05-27,2,Cb,3,350,2022-05-27 15:05:00,2022-05-27 15:12:00,2022-05-27 21:05:00,2022-05-27 21:12:00,X04,
17,07,2022-05-29,3,Ac,1,200,2022-05-29 12:15:00,2022-05-29 12:41:00,2022-05-29 18:15:00,2022-05-29 18:41:00,X02,
18,07,2022-05-29,3,Cb,1,350,2022-05-29 12:15:00,2022-05-29 12:49:00,2022-05-29 18:15:00,2022-05-29 18:49:00,X04,
19,07,2022-05-29,3,St,1,50,2022-05-29 12:15:00,2022-05-29 12:37:00,2022-05-29 18:15:00,2022-05-29 18:37:00,X09,
20,08,2022-05-29,3,Ac,2,200,2022-05-29 15:03:00,2022-05-29 15:20:00,2022-05-29 21:03:00,2022-05-29 21:20:00,X02,
21,08,2022-05-29,3,Cb,2,350,2022-05-29 15:03:00,2022-05-29 15:20:00,2022-05-29 21:03:00,2022-05-29 21:20:00,X04,
22,08,2022-05-29,3,St,2,50,2022-05-29 15:03:00,2022-05-29 15:21:00,2022-05-29 21:03:00,2022-05-29 21:21:00,X09,
23,09,2022-05-29,3,Ac,3,200,2022-05-29 16:11:00,2022-05-29 16:26:00,2022-05-29 22:11:00,2022-05-29 22:26:00,X02,
24,09,2022-05-29,3,Cb,3,350,2022-05-29 16:10:00,2022-05-29 16:26:00,2022-05-29 22:10:00,2022-05-29 22:26:00,X04,
25,10,2022-05-30,4,Ac,1,235,2022-05-30 15:37:00,2022-05-30 15:55:00,2022-05-30 21:37:00,2022-05-30 21:55:00,X02,
26,10,2022-05-30,4,Cb,1,350,2022-05-30 15:36:00,2022-05-30 15:51:00,2022-05-30 21:36:00,2022-05-30 21:51:00,X04,
27,10,2022-05-30,4,St,1,120,2022-05-30 15:37:00,2022-05-30 15:53:00,2022-05-30 21:37:00,2022-05-30 21:53:00,X09,
28,11,2022-05-30,4,Ac,2,235,2022-05-30 16:33:00,2022-05-30 16:51:00,2022-05-30 22:33:00,2022-05-30 22:51:00,X02,
29,11,2022-05-30,4,Cb,2,350,2022-05-30 16:36:00,2022-05-30 16:57:00,2022-05-30 22:36:00,2022-05-30 22:57:00,X04,
30,11,2022-05-30,4,St,2,120,2022-05-30 16:33:00,2022-05-30 16:52:00,2022-05-30 22:33:00,2022-05-30 22:52:00,X09,
31,12,2022-05-31,5,Ac,1,235,2022-05-31 11:38:00,2022-05-31 11:56:00,2022-05-31 17:38:00,2022-05-31 17:56:00,X02,
32,12,2022-05-31,5,Cb,1,350,2022-05-31 11:38:00,2022-05-31 11:59:00,2022-05-31 17:38:00,2022-05-31 17:59:00,X04,
33,12,2022-05-31,5,St,1,120,2022-05-31 11:39:00,2022-05-31 11:56:00,2022-05-31 17:39:00,2022-05-31 17:56:00,X07,
34,13,2022-06-03,6,Ac,1,235,2022-06-03 12:42:00,2022-06-03 12:59:00,2022-06-03 18:42:00,2022-06-03 18:59:00,X02,
35,13,2022-06-03,6,Cb,1,350,2022-06-03 12:40:00,2022-06-03 12:57:00,2022-06-03 18:40:00,2022-06-03 18:57:00,X04,
36,13,2022-06-03,6,St,1,120,2022-06-03 12:40:00,2022-06-03 12:57:00,2022-06-03 18:40:00,2022-06-03 18:57:00,X10,
37,14,2022-06-03,6,Ac,2,235,2022-06-03 14:25:00,2022-06-03 14:42:00,2022-06-03 20:25:00,2022-06-03 20:42:00,X02,
38,14,2022-06-03,6,Cb,2,350,2022-06-03 14:24:00,2022-06-03 14:41:00,2022-06-03 20:24:00,2022-06-03 20:41:00,X04,
39,14,2022-06-03,6,St,2,120,2022-06-03 14:24:00,2022-06-03 14:41:00,2022-06-03 20:24:00,2022-06-03 20:41:00,X10,
40,15,2022-06-03,6,Ac,3,235,2022-06-03 15:20:00,2022-06-03 15:31:00,2022-06-03 21:20:00,2022-06-03 21:31:00,X02,
41,15,2022-06-03,6,Cb,3,350,2022-06-03 15:20:00,2022-06-03 15:32:00,2022-06-03 21:20:00,2022-06-03 21:32:00,X04,
42,15,2022-06-03,6,St,3,120,2022-06-03 15:20:00,2022-06-03 15:32:00,2022-06-03 21:20:00,2022-06-03 21:32:00,X10,
43,16,2022-06-04,7,Ac,1,235,2022-06-04 12:29:00,2022-06-04 12:48:00,2022-06-04 18:29:00,2022-06-04 18:48:00,X02,
44,16,2022-06-04,7,Cb,1,350,2022-06-04 12:26:00,2022-06-04 12:48:00,2022-06-04 18:26:00,2022-06-04 18:48:00,X03,
45,16,2022-06-04,7,St,1,120,2022-06-04 12:26:00,2022-06-04 12:48:00,2022-06-04 18:26:00,2022-06-04 18:48:00,X10,
46,17,2022-06-04,7,Ac,2,235,2022-06-04 13:32:00,2022-06-04 13:51:00,2022-06-04 19:32:00,2022-06-04 19:51:00,X02,
47,17,2022-06-04,7,Cb,2,350,2022-06-04 13:32:00,2022-06-04 13:51:00,2022-06-04 19:32:00,2022-06-04 19:51:00,X03,
48,17,2022-06-04,7,St,2,120,2022-06-04 13:32:00,2022-06-04 13:51:00,2022-06-04 19:32:00,2022-06-04 19:51:00,X10,
49,18,2022-06-04,7,Ac,3,235,2022-06-04 14:01:00,2022-06-04 14:17:00,2022-06-04 20:01:00,2022-06-04 20:17:00,X02,
50,18,2022-06-04,7,Cb,3,350,2022-06-04 14:01:00,2022-06-04 14:17:00,2022-06-04 20:01:00,2022-06-04 20:17:00,X03,
51,18,2022-06-04,7,St,3,120,2022-06-04 14:01:00,2022-06-04 14:18:00,2022-06-04 20:01:00,2022-06-04 20:18:00,X10,
52,19,2022-06-04,7,Ac,4,235,2022-06-04 15:05:00,2022-06-04 15:27:00,2022-06-04 21:05:00,2022-06-04 21:27:00,X02,
53,19,2022-06-04,7,Cb,4,350,2022-06-04 15:05:00,2022-06-04 15:27:00,2022-06-04 21:05:00,2022-06-04 21:27:00,X03,
54,19,2022-06-04,7,St,4,120,2022-06-04 15:05:00,2022-06-04 15:27:00,2022-06-04 21:05:00,2022-06-04 21:27:00,X10,
55,20,2022-06-04,7,Ac,5,235,2022-06-04 15:44:00,2022-06-04 15:54:00,2022-06-04 21:44:00,2022-06-04 21:54:00,X02,
56,20,2022-06-04,7,Cb,5,350,2022-06-04 15:44:00,2022-06-04 15:59:00,2022-06-04 21:44:00,2022-06-04 21:59:00,X03,
57,20,2022-06-04,7,St,5,120,2022-06-04 15:44:00,2022-06-04 15:54:00,2022-06-04 21:44:00,2022-06-04 21:54:00,X10,
58,21,2022-06-06,8,Ac,1,235,2022-06-06 13:49:00,2022-06-06 14:08:00,2022-06-06 19:49:00,2022-06-06 20:08:00,X02,
59,21,2022-06-06,8,cumulonimbus,1,350,2022-06-06 13:49:00,2022-06-06 14:08:00,2022-06-06 19:49:00,2022-06-06 20:08:00,X03,
60,21,2022-06-06,8,St,1,120,2022-06-06 13:50:00,2022-06-06 14:06:00,2022-06-06 19:50:00,2022-06-06 20:06:00,X10,
61,22,2022-06-06,8,Ac,2,235,2022-06-06 14:11:00,2022-06-06 14:31:00,2022-06-06 20:11:00,2022-06-06 20:31:00,X02,
62,22,2022-06-06,8,cumulonimbus,2,350,2022-06-06 14:11:00,2022-06-06 14:32:00,2022-06-06 20:11:00,2022-06-06 20:32:00,X03,
63,22,2022-06-06,8,St,2,120,2022-06-06 14:11:00,2022-06-06 14:31:00,2022-06-06 20:11:00,2022-06-06 20:31:00,X10,
64,23,2022-06-06,8,Ac,3,235,2022-06-06 15:43:00,2022-06-06 16:03:00,2022-06-06 21:43:00,2022-06-06 22:03:00,X02,
65,23,2022-06-06,8,cumulonimbus,3,350,2022-06-06 15:43:00,2022-06-06 16:03:00,2022-06-06 21:43:00,2022-06-06 22:03:00,X03,
66,23,2022-06-06,8,St,3,120,2022-06-06 15:44:00,2022-06-06 16:01:00,2022-06-06 21:44:00,2022-06-06 22:01:00,X10,
67,24,2022-06-06,8,Ac,4,235,2022-06-06 16:09:00,2022-06-06 16:30:00,2022-06-06 22:09:00,2022-06-06 22:30:00,X02,
68,24,2022-06-06,8,cumulonimbus,4,350,2022-06-06 16:09:00,2022-06-06 16:30:00,2022-06-06 22:09:00,2022-06-06 22:30:00,X03,
69,24,2022-06-06,8,St,4,120,2022-06-06 16:10:00,2022-06-06 16:28:00,2022-06-06 22:10:00,2022-06-06 22:28:00,X10,
70,25,2022-06-06,8,Ac,5,235,2022-06-06 16:34:00,2022-06-06 16:51:00,2022-06-06 22:34:00,2022-06-06 22:51:00,X02,
71,25,2022-06-06,8,cumulonimbus,5,350,2022-06-06 16:35:00,2022-06-06 16:52:00,2022-06-06 22:35:00,2022-06-06 22:52:00,X03,
72,25,2022-06-06,8,St,5,120,2022-06-06 16:35:00,2022-06-06 16:50:00,2022-06-06 22:35:00,2022-06-06 22:50:00,X10,
73,26,2022-06-07,9,cumulonimbus,1,120,2022-06-07 14:26:00,2022-06-07 14:41:00,2022-06-07 20:26:00,2022-06-07 20:41:00,X09,
74,26,2022-06-07,9,St,1,5,2022-06-07 14:26:00,2022-06-07 14:41:00,2022-06-07 20:26:00,2022-06-07 20:41:00,X10,
75,27,2022-06-07,9,cumulonimbus,2,120,2022-06-07 16:18:00,2022-06-07 16:34:00,2022-06-07 22:18:00,2022-06-07 22:34:00,X09,
76,27,2022-06-07,9,St,2,5,2022-06-07 16:14:00,2022-06-07 16:30:00,2022-06-07 22:14:00,2022-06-07 22:30:00,X10,
77,28,2022-06-07,9,St,3,120,2022-06-07 19:31:00,2022-06-07 19:44:00,2022-06-08 01:31:00,2022-06-08 01:44:00,X10,
78,29,2022-06-09,10,Ac,2,235,2022-06-09 13:38:00,2022-06-09 13:59:00,2022-06-09 19:38:00,2022-06-09 19:59:00,X04,
79,29,2022-06-09,10,cumulonimbus,2,350,2022-06-09 13:38:00,2022-06-09 13:58:00,2022-06-09 19:38:00,2022-06-09 19:58:00,X02,
80,29,2022-06-09,10,St,2,120,2022-06-09 13:38:00,2022-06-09 13:59:00,2022-06-09 19:38:00,2022-06-09 19:59:00,X10,
81,30,2022-06-09,10,Ac,3,235,2022-06-09 14:30:00,2022-06-09 14:40:00,2022-06-09 20:30:00,2022-06-09 20:40:00,X04,
82,30,2022-06-09,10,cumulonimbus,3,350,2022-06-09 14:29:00,2022-06-09 14:37:00,2022-06-09 20:29:00,2022-06-09 20:37:00,X02,
83,30,2022-06-09,10,St,3,120,2022-06-09 14:30:00,2022-06-09 14:39:00,2022-06-09 20:30:00,2022-06-09 20:39:00,X10,
84,31,2022-06-11,11,Cb,1,350,2022-06-11 13:52:00,2022-06-11 14:12:00,2022-06-11 19:52:00,2022-06-11 20:12:00,X02,
85,31,2022-06-11,11,St,1,120,2022-06-11 13:52:00,2022-06-11 14:12:00,2022-06-11 19:52:00,2022-06-11 20:12:00,X10,
86,32,2022-06-11,11,Cb,2,350,2022-06-11 15:43:00,2022-06-11 16:04:00,2022-06-11 21:43:00,2022-06-11 22:04:00,X02,
87,32,2022-06-11,11,St,2,120,2022-06-11 15:43:00,2022-06-11 16:04:00,2022-06-11 21:43:00,2022-06-11 22:04:00,X10,
88,33,2022-06-12,12,Cb,1,350,2022-06-12 13:30:00,2022-06-12 13:49:00,2022-06-12 19:30:00,2022-06-12 19:49:00,X02,
89,33,2022-06-12,12,St,1,120,2022-06-12 13:30:00,2022-06-12 13:49:00,2022-06-12 19:30:00,2022-06-12 19:49:00,X10,
90,34,2022-06-12,12,Ac,2,235,2022-06-12 14:00:00,2022-06-12 14:18:00,2022-06-12 20:00:00,2022-06-12 20:18:00,X04,
91,34,2022-06-12,12,Cb,2,350,2022-06-12 14:00:00,2022-06-12 14:18:00,2022-06-12 20:00:00,2022-06-12 20:18:00,X02,
92,34,2022-06-12,12,St,2,120,2022-06-12 14:00:00,2022-06-12 14:18:00,2022-06-12 20:00:00,2022-06-12 20:18:00,X10,
93,35,2022-06-12,12,Ac,4,235,2022-06-12 16:52:00,2022-06-12 17:13:00,2022-06-12 22:52:00,2022-06-12 23:13:00,X04,
94,35,2022-06-12,12,Cb,4,350,2022-06-12 16:52:00,2022-06-12 17:13:00,2022-06-12 22:52:00,2022-06-12 23:13:00,X02,
95,35,2022-06-12,12,St,4,120,2022-06-12 16:52:00,2022-06-12 17:13:00,2022-06-12 22:52:00,2022-06-12 23:13:00,X10,
96,36,2022-06-12,12,Ac,5,235,2022-06-12 18:22:00,2022-06-12 18:41:00,2022-06-13 00:22:00,2022-06-13 00:41:00,X04,
97,36,2022-06-12,12,Cb,5,350,2022-06-12 18:22:00,2022-06-12 18:41:00,2022-06-13 00:22:00,2022-06-13 00:41:00,X02,
98,36,2022-06-12,12,St,5,120,2022-06-12 18:22:00,2022-06-12 18:41:00,2022-06-13 00:22:00,2022-06-13 00:41:00,X10,
99,37,2022-06-12,12,Ac,6,235,2022-06-12 18:58:00,2022-06-12 19:15:00,2022-06-13 00:58:00,2022-06-13 01:15:00,X03,
100,37,2022-06-12,12,Cb,6,350,2022-06-12 18:58:00,2022-06-12 19:15:00,2022-06-13 00:58:00,2022-06-13 01:15:00,X02,
101,37,2022-06-12,12,St,6,120,2022-06-12 18:58:00,2022-06-12 19:15:00,2022-06-13 00:58:00,2022-06-13 01:15:00,X10,
102,38,2022-06-17,13,Cb,1,350,2022-06-17 14:14:00,2022-06-17 14:33:00,2022-06-17 20:14:00,2022-06-17 20:33:00,X02,
103,38,2022-06-17,13,St,1,120,2022-06-17 14:14:00,2022-06-17 14:33:00,2022-06-17 20:14:00,2022-06-17 20:33:00,X10,
104,39,2022-06-17,13,Ac,3,235,2022-06-17 15:08:00,2022-06-17 15:23:00,2022-06-17 21:08:00,2022-06-17 21:23:00,X01,
105,39,2022-06-17,13,Cb,3,350,2022-06-17 15:09:00,2022-06-17 15:25:00,2022-06-17 21:09:00,2022-06-17 21:25:00,X02,
106,39,2022-06-17,13,St,3,120,2022-06-17 15:09:00,2022-06-17 15:22:00,2022-06-17 21:09:00,2022-06-17 21:22:00,X10,
107,40,2022-06-17,13,Ac,4,235,2022-06-17 17:52:00,2022-06-17 18:11:00,2022-06-17 23:52:00,2022-06-18 00:11:00,X01,
108,40,2022-06-17,13,Cb,4,350,2022-06-17 17:51:00,2022-06-17 18:11:00,2022-06-17 23:51:00,2022-06-18 00:11:00,X02,
109,40,2022-06-17,13,St,4,120,2022-06-17 17:51:00,2022-06-17 18:11:00,2022-06-17 23:51:00,2022-06-18 00:11:00,X10,
110,41,2022-06-17,13,Ac,5,235,2022-06-17 18:20:00,2022-06-17 18:40:00,2022-06-18 00:20:00,2022-06-18 00:40:00,X01,
111,41,2022-06-17,13,Cb,5,350,2022-06-17 18:20:00,2022-06-17 18:40:00,2022-06-18 00:20:00,2022-06-18 00:40:00,X02,
112,41,2022-06-17,13,St,5,120,2022-06-17 18:20:00,2022-06-17 18:40:00,2022-06-18 00:20:00,2022-06-18 00:40:00,X10,
113,42,2022-06-17,13,Ac,6,235,2022-06-17 19:00:00,2022-06-17 19:21:00,2022-06-18 01:00:00,2022-06-18 01:21:00,X01,
114,42,2022-06-17,13,Cb,6,350,2022-06-17 19:00:00,2022-06-17 19:20:00,2022-06-18 01:00:00,2022-06-18 01:20:00,X02,
115,42,2022-06-17,13,St,6,120,2022-06-17 19:00:00,2022-06-17 19:20:00,2022-06-18 01:00:00,2022-06-18 01:20:00,X10,
116,43,2022-06-17,13,Ac,7,235,2022-06-17 19:32:00,2022-06-17 19:51:00,2022-06-18 01:32:00,2022-06-18 01:51:00,X01,
117,43,2022-06-17,13,Cb,7,350,2022-06-17 19:33:00,2022-06-17 19:51:00,2022-06-18 01:33:00,2022-06-18 01:51:00,X02,
118,43,2022-06-17,13,St,7,120,2022-06-17 19:33:00,2022-06-17 19:51:00,2022-06-18 01:33:00,2022-06-18 01:51:00,X10,
119,44,2022-06-18,14,Cb,1,350,2022-06-18 13:31:00,2022-06-18 13:47:00,2022-06-18 19:31:00,2022-06-18 19:47:00,X02,
120,44,2022-06-18,14,St,1,120,2022-06-18 13:31:00,2022-06-18 13:45:00,2022-06-18 19:31:00,2022-06-18 19:45:00,X10,
121,45,2022-06-18,14,St,2,120,2022-06-18 14:09:00,2022-06-18 14:25:00,2022-06-18 20:09:00,2022-06-18 20:25:00,X10,
122,45,2022-06-18,14,Cb,2,350,2022-06-18 14:08:00,2022-06-18 14:26:00,2022-06-18 20:08:00,2022-06-18 20:26:00,X02,
123,46,2022-06-18,14,St,3,5,2022-06-18 16:08:00,2022-06-18 16:20:00,2022-06-18 22:08:00,2022-06-18 22:20:00,X10,
124,46,2022-06-18,14,Cb,3,350,2022-06-18 16:08:00,2022-06-18 16:22:00,2022-06-18 22:08:00,2022-06-18 22:22:00,X02,
125,47,2022-06-18,14,St,4,120,2022-06-18 19:24:00,2022-06-18 19:41:00,2022-06-19 01:24:00,2022-06-19 01:41:00,X10,
126,47,2022-06-18,14,Cb,4,350,2022-06-18 19:22:00,2022-06-18 19:41:00,2022-06-19 01:22:00,2022-06-19 01:41:00,X02,
127,48,2022-06-18,14,Cb,6,350,2022-06-18 19:44:00,2022-06-18 20:05:00,2022-06-19 01:44:00,2022-06-19 02:05:00,X02,
128,48,2022-06-18,14,St,6,120,2022-06-18 19:44:00,2022-06-18 20:05:00,2022-06-19 01:44:00,2022-06-19 02:05:00,X10,
129,49,2023-05-24,15,St,1,350,2023-05-24 12:45:00,2023-05-24 13:04:00,2023-05-24 18:45:00,2023-05-24 19:04:00,X04,X05
130,49,2023-05-24,15,Ac,1,235,2023-05-24 12:45:00,2023-05-24 13:05:00,2023-05-24 18:45:00,2023-05-24 19:05:00,X10,X01
131,49,2023-05-24,15,Cb,1,120,2023-05-24 12:45:00,2023-05-24 13:05:00,2023-05-24 18:45:00,2023-05-24 19:05:00,X03,X02
132,50,2023-05-26,16,St,1,350,2023-05-26 13:03:00,2023-05-26 13:21:00,2023-05-26 19:03:00,2023-05-26 19:21:00,X09,X06
133,50,2023-05-26,16,Ac,1,235,2023-05-26 13:03:00,2023-05-26 13:20:00,2023-05-26 19:03:00,2023-05-26 19:20:00,X10,X03
134,50,2023-05-26,16,Cb,1,120,2023-05-26 13:03:00,2023-05-26 13:20:00,2023-05-26 19:03:00,2023-05-26 19:20:00,X04,X07
135,51,2023-05-26,16,St,2,350,2023-05-26 14:47:00,2023-05-26 15:02:00,2023-05-26 20:47:00,2023-05-26 21:02:00,X09,X06
136,51,2023-05-26,16,Ac,2,235,2023-05-26 14:47:00,2023-05-26 15:02:00,2023-05-26 20:47:00,2023-05-26 21:02:00,X10,X03
137,51,2023-05-26,16,Cb,2,120,2023-05-26 14:47:00,2023-05-26 15:02:00,2023-05-26 20:47:00,2023-05-26 21:02:00,X04,X07
138,52,2023-05-27,17,St,1,350,2023-05-27 12:30:00,2023-05-27 12:48:00,2023-05-27 18:30:00,2023-05-27 18:48:00,X09,X05
139,52,2023-05-27,17,Ac,1,235,2023-05-27 12:31:00,2023-05-27 12:47:00,2023-05-27 18:31:00,2023-05-27 18:47:00,X10,X03
140,52,2023-05-27,17,Cb,1,120,2023-05-27 12:31:00,2023-05-27 12:48:00,2023-05-27 18:31:00,2023-05-27 18:48:00,X04,X07
141,53,2023-05-27,17,St,2,350,2023-05-27 15:27:00,2023-05-27 15:45:00,2023-05-27 21:27:00,2023-05-27 21:45:00,X09,X05
142,53,2023-05-27,17,Ac,2,235,2023-05-27 15:27:00,2023-05-27 15:45:00,2023-05-27 21:27:00,2023-05-27 21:45:00,X10,X03
143,53,2023-05-27,17,Cb,2,120,2023-05-27 15:27:00,2023-05-27 15:45:00,2023-05-27 21:27:00,2023-05-27 21:45:00,X04,X07
144,54,2023-05-27,17,St,3,350,2023-05-27 17:31:00,2023-05-27 17:49:00,2023-05-27 23:31:00,2023-05-27 23:49:00,X09,X05
145,54,2023-05-27,17,Ac,3,235,2023-05-27 17:32:00,2023-05-27 17:48:00,2023-05-27 23:32:00,2023-05-27 23:48:00,X10,X03
146,54,2023-05-27,17,Cb,3,120,2023-05-27 17:32:00,2023-05-27 17:49:00,2023-05-27 23:32:00,2023-05-27 23:49:00,X04,X07
147,55,2023-05-30,18,St,1,350,2023-05-30 12:36:00,2023-05-30 12:53:00,2023-05-30 18:36:00,2023-05-30 18:53:00,X03,X05
148,56,2023-05-30,18,St,2,350,2023-05-30 16:14:00,2023-05-30 16:35:00,2023-05-30 22:14:00,2023-05-30 22:35:00,X03,X05
149,57,2023-05-30,18,St,3,350,2023-05-30 16:56:00,2023-05-30 17:19:00,2023-05-30 22:56:00,2023-05-30 23:19:00,X03,X05
150,58,2023-05-30,18,St,4,350,2023-05-30 17:38:00,2023-05-30 17:55:00,2023-05-30 23:38:00,2023-05-30 23:55:00,X03,X05
151,59,2023-05-30,18,St,5,350,2023-05-30 18:13:00,2023-05-30 18:32:00,2023-05-31 00:13:00,2023-05-31 00:32:00,X03,X05
152,60,2023-05-30,18,St,6,350,2023-05-30 19:15:00,2023-05-30 19:32:00,2023-05-31 01:15:00,2023-05-31 01:32:00,X03,X05
153,61,2023-05-30,18,St,7,350,2023-05-30 19:46:00,2023-05-30 20:00:00,2023-05-31 01:46:00,2023-05-31 02:00:00,X03,X05
154,55,2023-05-30,18,Ac,1,235,2023-05-30 12:36:00,2023-05-30 12:55:00,2023-05-30 18:36:00,2023-05-30 18:55:00,X01,X10
155,56,2023-05-30,18,Ac,2,235,2023-05-30 16:14:00,2023-05-30 16:35:00,2023-05-30 22:14:00,2023-05-30 22:35:00,X01,X10
156,57,2023-05-30,18,Ac,3,235,2023-05-30 16:57:00,2023-05-30 17:19:00,2023-05-30 22:57:00,2023-05-30 23:19:00,X01,X10
157,58,2023-05-30,18,Ac,4,235,2023-05-30 17:38:00,2023-05-30 17:55:00,2023-05-30 23:38:00,2023-05-30 23:55:00,X01,X10
158,59,2023-05-30,18,Ac,5,235,2023-05-30 18:14:00,2023-05-30 18:32:00,2023-05-31 00:14:00,2023-05-31 00:32:00,X01,X10
159,60,2023-05-30,18,Ac,6,235,2023-05-30 19:15:00,2023-05-30 19:32:00,2023-05-31 01:15:00,2023-05-31 01:32:00,X01,X10
160,61,2023-05-30,18,Ac,7,235,2023-05-30 19:46:00,2023-05-30 20:00:00,2023-05-31 01:46:00,2023-05-31 02:00:00,X01,X10
161,55,2023-05-30,18,Cb,1,120,2023-05-30 12:36:00,2023-05-30 12:55:00,2023-05-30 18:36:00,2023-05-30 18:55:00,X04,X07
162,56,2023-05-30,18,Cb,2,120,2023-05-30 16:14:00,2023-05-30 16:35:00,2023-05-30 22:14:00,2023-05-30 22:35:00,X07,X04
163,57,2023-05-30,18,Cb,3,120,2023-05-30 16:57:00,2023-05-30 17:19:00,2023-05-30 22:57:00,2023-05-30 23:19:00,X07,X04
164,58,2023-05-30,18,Cb,4,120,2023-05-30 17:38:00,2023-05-30 17:55:00,2023-05-30 23:38:00,2023-05-30 23:55:00,X07,X04
165,59,2023-05-30,18,Cb,5,120,2023-05-30 18:14:00,2023-05-30 18:32:00,2023-05-31 00:14:00,2023-05-31 00:32:00,X07,X04
166,60,2023-05-30,18,Cb,6,120,2023-05-30 19:15:00,2023-05-30 19:32:00,2023-05-31 01:15:00,2023-05-31 01:32:00,X07,X04
167,61,2023-05-30,18,Cb,7,120,2023-05-30 19:46:00,2023-05-30 20:00:00,2023-05-31 01:46:00,2023-05-31 02:00:00,X07,X04
168,62,2023-06-01,19,Cb,1,120,2023-06-01 12:46:00,2023-06-01 13:06:00,2023-06-01 18:46:00,2023-06-01 19:06:00,X09,X01
169,63,2023-06-01,19,Cb,2,120,2023-06-01 13:11:00,2023-06-01 13:32:00,2023-06-01 19:11:00,2023-06-01 19:32:00,X09,X01
170,64,2023-06-01,19,Cb,3,120,2023-06-01 13:41:00,2023-06-01 14:01:00,2023-06-01 19:41:00,2023-06-01 20:01:00,X09,X01
171,65,2023-06-01,19,Cb,4,120,2023-06-01 16:55:00,2023-06-01 17:12:00,2023-06-01 22:55:00,2023-06-01 23:12:00,X09,X01
172,66,2023-06-01,19,Cb,5,120,2023-06-01 18:07:00,2023-06-01 18:32:00,2023-06-02 00:07:00,2023-06-02 00:32:00,X09,X01
173,62,2023-06-01,19,Ac,1,235,2023-06-01 12:46:00,2023-06-01 13:05:00,2023-06-01 18:46:00,2023-06-01 19:05:00,X04,X07
174,63,2023-06-01,19,Ac,2,235,2023-06-01 13:11:00,2023-06-01 13:30:00,2023-06-01 19:11:00,2023-06-01 19:30:00,X04,X07
175,64,2023-06-01,19,Ac,3,235,2023-06-01 13:42:00,2023-06-01 14:00:00,2023-06-01 19:42:00,2023-06-01 20:00:00,X04,X07
176,65,2023-06-01,19,Ac,4,235,2023-06-01 16:55:00,2023-06-01 17:12:00,2023-06-01 22:55:00,2023-06-01 23:12:00,X04,X07
177,66,2023-06-01,19,Ac,5,235,2023-06-01 18:08:00,2023-06-01 18:29:00,2023-06-02 00:08:00,2023-06-02 00:29:00,X04,X07
178,62,2023-06-01,19,St,1,350,2023-06-01 12:46:00,2023-06-01 13:04:00,2023-06-01 18:46:00,2023-06-01 19:04:00,X03,X06
179,63,2023-06-01,19,St,2,350,2023-06-01 13:10:00,2023-06-01 13:30:00,2023-06-01 19:10:00,2023-06-01 19:30:00,X03,X06
180,64,2023-06-01,19,St,3,350,2023-06-01 13:42:00,2023-06-01 14:01:00,2023-06-01 19:42:00,2023-06-01 20:01:00,X03,X06
181,65,2023-06-01,19,St,4,350,2023-06-01 16:55:00,2023-06-01 17:12:00,2023-06-01 22:55:00,2023-06-01 23:12:00,X03,X06
182,66,2023-06-01,19,St,5,350,2023-06-01 18:08:00,2023-06-01 18:29:00,2023-06-02 00:08:00,2023-06-02 00:29:00,X03,X06
183,67,2023-06-02,20,Cb,1,120,2023-06-02 12:12:00,2023-06-02 12:30:00,2023-06-02 18:12:00,2023-06-02 18:30:00,X10,X01
184,68,2023-06-02,20,Cb,2,120,2023-06-02 13:23:00,2023-06-02 13:45:00,2023-06-02 19:23:00,2023-06-02 19:45:00,X10,X01
185,69,2023-06-02,20,Cb,3,120,2023-06-02 17:42:00,2023-06-02 18:00:00,2023-06-02 23:42:00,2023-06-03 00:00:00,X10,X01
186,70,2023-06-02,20,Cb,4,120,2023-06-02 18:05:00,2023-06-02 18:22:00,2023-06-03 00:05:00,2023-06-03 00:22:00,X10,X01
187,67,2023-06-02,20,Ac,1,235,2023-06-02 12:12:00,2023-06-02 12:29:00,2023-06-02 18:12:00,2023-06-02 18:29:00,X07,X09
188,68,2023-06-02,20,Ac,2,235,2023-06-02 13:23:00,2023-06-02 13:43:00,2023-06-02 19:23:00,2023-06-02 19:43:00,X07,X09
189,69,2023-06-02,20,Ac,3,235,2023-06-02 17:42:00,2023-06-02 18:00:00,2023-06-02 23:42:00,2023-06-03 00:00:00,X07,X09
190,70,2023-06-02,20,Ac,4,235,2023-06-02 18:05:00,2023-06-02 18:21:00,2023-06-03 00:05:00,2023-06-03 00:21:00,X07,X09
191,67,2023-06-02,20,St,1,350,2023-06-02 12:12:00,2023-06-02 12:30:00,2023-06-02 18:12:00,2023-06-02 18:30:00,X04,X05
192,68,2023-06-02,20,St,2,350,2023-06-02 13:23:00,2023-06-02 13:43:00,2023-06-02 19:23:00,2023-06-02 19:43:00,X04,X05
193,69,2023-06-02,20,St,3,350,2023-06-02 17:42:00,2023-06-02 18:01:00,2023-06-02 23:42:00,2023-06-03 00:01:00,X04,X05
194,70,2023-06-02,20,St,4,350,2023-06-02 18:05:00,2023-06-02 18:21:00,2023-06-03 00:05:00,2023-06-03 00:21:00,X04,X05
195,71,2023-06-06,21,Ac,1,235,2023-06-06 15:40:00,2023-06-06 15:56:00,2023-06-06 21:40:00,2023-06-06 21:56:00,X04,X07
196,71,2023-06-06,21,St,1,350,2023-06-06 15:40:00,2023-06-06 15:57:00,2023-06-06 21:40:00,2023-06-06 21:57:00,X09,X06
197,71,2023-06-06,21,Cb,1,120,2023-06-06 15:40:00,2023-06-06 15:58:00,2023-06-06 21:40:00,2023-06-06 21:58:00,X10,X01
198,72,2023-06-08,22,Ac,1,235,2023-06-08 13:57:00,2023-06-08 14:13:00,2023-06-08 19:57:00,2023-06-08 20:13:00,X10,
199,73,2023-06-08,22,Ac,2,235,2023-06-08 16:38:00,2023-06-08 16:57:00,2023-06-08 22:38:00,2023-06-08 22:57:00,X10,
200,74,2023-06-08,22,Ac,3,235,2023-06-08 17:37:00,2023-06-08 17:53:00,2023-06-08 23:37:00,2023-06-08 23:53:00,X10,
201,72,2023-06-08,22,St,1,350,2023-06-08 13:56:00,2023-06-08 14:13:00,2023-06-08 19:56:00,2023-06-08 20:13:00,X09,X05
202,73,2023-06-08,22,St,2,350,2023-06-08 16:38:00,2023-06-08 16:58:00,2023-06-08 22:38:00,2023-06-08 22:58:00,X09,X05
203,74,2023-06-08,22,St,3,350,2023-06-08 17:36:00,2023-06-08 17:54:00,2023-06-08 23:36:00,2023-06-08 23:54:00,X09,X05
204,72,2023-06-08,22,Cb,1,120,2023-06-08 13:57:00,2023-06-08 14:14:00,2023-06-08 19:57:00,2023-06-08 20:14:00,X04,X03
205,73,2023-06-08,22,Cb,2,120,2023-06-08 16:37:00,2023-06-08 16:58:00,2023-06-08 22:37:00,2023-06-08 22:58:00,X04,X03
206,74,2023-06-08,22,Cb,3,120,2023-06-08 17:36:00,2023-06-08 17:54:00,2023-06-08 23:36:00,2023-06-08 23:54:00,X04,X03
207,75,2023-06-10,23,Ac,1,235,2023-06-10 12:12:00,2023-06-10 12:31:00,2023-06-10 18:12:00,2023-06-10 18:31:00,X03,X04
208,76,2023-06-10,23,Ac,2,235,2023-06-10 14:30:00,2023-06-10 14:49:00,2023-06-10 20:30:00,2023-06-10 20:49:00,X03,X04
209,77,2023-06-10,23,Ac,3,235,2023-06-10 15:08:00,2023-06-10 15:19:00,2023-06-10 21:08:00,2023-06-10 21:19:00,X03,X04
210,78,2023-06-10,23,Ac,4,235,2023-06-10 17:13:00,2023-06-10 17:30:00,2023-06-10 23:13:00,2023-06-10 23:30:00,X03,X04
211,79,2023-06-10,23,Ac,5,235,2023-06-10 17:40:00,2023-06-10 17:57:00,2023-06-10 23:40:00,2023-06-10 23:57:00,X03,X04
212,80,2023-06-10,23,Ac,6,235,2023-06-10 19:10:00,2023-06-10 19:31:00,2023-06-11 01:10:00,2023-06-11 01:31:00,X03,X04
213,81,2023-06-10,23,Ac,7,235,2023-06-10 19:36:00,2023-06-10 19:55:00,2023-06-11 01:36:00,2023-06-11 01:55:00,X03,X04
214,75,2023-06-10,23,St,1,350,2023-06-10 12:12:00,2023-06-10 12:30:00,2023-06-10 18:12:00,2023-06-10 18:30:00,X10,X06
215,76,2023-06-10,23,St,2,350,2023-06-10 14:30:00,2023-06-10 14:49:00,2023-06-10 20:30:00,2023-06-10 20:49:00,X10,X06
216,77,2023-06-10,23,St,3,350,2023-06-10 15:07:00,2023-06-10 15:19:00,2023-06-10 21:07:00,2023-06-10 21:19:00,X10,X06
217,78,2023-06-10,23,St,4,350,2023-06-10 17:12:00,2023-06-10 17:30:00,2023-06-10 23:12:00,2023-06-10 23:30:00,X10,X06
218,79,2023-06-10,23,St,5,350,2023-06-10 17:40:00,2023-06-10 17:57:00,2023-06-10 23:40:00,2023-06-10 23:57:00,X10,X06
219,80,2023-06-10,23,St,6,350,2023-06-10 19:10:00,2023-06-10 19:31:00,2023-06-11 01:10:00,2023-06-11 01:31:00,X10,X06
220,81,2023-06-10,23,St,7,350,2023-06-10 19:36:00,2023-06-10 19:55:00,2023-06-11 01:36:00,2023-06-11 01:55:00,X10,X06
221,75,2023-06-10,23,Cb,1,120,2023-06-10 12:13:00,2023-06-10 12:31:00,2023-06-10 18:13:00,2023-06-10 18:31:00,X09,X01
222,76,2023-06-10,23,Cb,2,120,2023-06-10 14:31:00,2023-06-10 14:50:00,2023-06-10 20:31:00,2023-06-10 20:50:00,X09,X01
223,77,2023-06-10,23,Cb,3,120,2023-06-10 15:08:00,2023-06-10 15:20:00,2023-06-10 21:08:00,2023-06-10 21:20:00,X09,X01
224,78,2023-06-10,23,Cb,4,120,2023-06-10 17:13:00,2023-06-10 17:30:00,2023-06-10 23:13:00,2023-06-10 23:30:00,X09,X01
225,79,2023-06-10,23,Cb,5,120,2023-06-10 17:40:00,2023-06-10 17:58:00,2023-06-10 23:40:00,2023-06-10 23:58:00,X09,X01
226,80,2023-06-10,23,Cb,6,120,2023-06-10 19:12:00,2023-06-10 19:32:00,2023-06-11 01:12:00,2023-06-11 01:32:00,X09,X01
227,81,2023-06-10,23,Cb,7,120,2023-06-10 19:36:00,2023-06-10 19:57:00,2023-06-11 01:36:00,2023-06-11 01:57:00,X09,X01
228,82,2023-06-12,24,Ac,1,235,2023-06-12 12:20:00,2023-06-12 12:38:00,2023-06-12 18:20:00,2023-06-12 18:38:00,X10,
229,83,2023-06-12,24,Ac,2,235,2023-06-12 16:22:00,2023-06-12 16:34:00,2023-06-12 22:22:00,2023-06-12 22:34:00,X10,
230,84,2023-06-12,24,Ac,3,235,2023-06-12 17:34:00,2023-06-12 17:54:00,2023-06-12 23:34:00,2023-06-12 23:54:00,X10,
231,82,2023-06-12,24,St,1,350,2023-06-12 12:20:00,2023-06-12 12:38:00,2023-06-12 18:20:00,2023-06-12 18:38:00,X04,X05
232,83,2023-06-12,24,St,2,350,2023-06-12 16:23:00,2023-06-12 16:34:00,2023-06-12 22:23:00,2023-06-12 22:34:00,X04,X05
233,84,2023-06-12,24,St,3,350,2023-06-12 17:35:00,2023-06-12 17:54:00,2023-06-12 23:35:00,2023-06-12 23:54:00,X04,X05
234,82,2023-06-12,24,Cb,1,120,2023-06-12 12:20:00,2023-06-12 12:20:00,2023-06-12 18:20:00,2023-06-12 18:20:00,X07,X09
235,83,2023-06-12,24,Cb,2,120,2023-06-12 16:22:00,2023-06-12 16:22:00,2023-06-12 22:22:00,2023-06-12 22:22:00,X07,X09
236,84,2023-06-12,24,Cb,3,120,2023-06-12 17:34:00,2023-06-12 17:34:00,2023-06-12 23:34:00,2023-06-12 23:34:00,X07,X09
237,85,2023-06-15,25,Cb,1,120,2023-06-15 10:58:00,2023-06-15 11:15:00,2023-06-15 16:58:00,2023-06-15 17:15:00,X11,X09
238,86,2023-06-15,25,Cb,2,120,2023-06-15 11:56:00,2023-06-15 12:12:00,2023-06-15 17:56:00,2023-06-15 18:12:00,X11,X09
239,87,2023-06-15,25,Cb,3,120,2023-06-15 12:19:00,2023-06-15 12:38:00,2023-06-15 18:19:00,2023-06-15 18:38:00,X11,X09
240,88,2023-06-15,25,Cb,4,120,2023-06-15 15:26:00,2023-06-15 15:43:00,2023-06-15 21:26:00,2023-06-15 21:43:00,X11,X09
241,89,2023-06-15,25,Cb,5,120,2023-06-15 16:20:00,2023-06-15 16:40:00,2023-06-15 22:20:00,2023-06-15 22:40:00,X11,X09
242,90,2023-06-15,25,Cb,6,120,2023-06-15 17:17:00,2023-06-15 17:34:00,2023-06-15 23:17:00,2023-06-15 23:34:00,X11,X09
243,91,2023-06-15,25,Cb,7,120,2023-06-15 17:47:00,2023-06-15 18:06:00,2023-06-15 23:47:00,2023-06-16 00:06:00,X11,X09
244,85,2023-06-15,25,St,1,350,2023-06-15 10:57:00,2023-06-15 11:15:00,2023-06-15 16:57:00,2023-06-15 17:15:00,X10,X12
245,86,2023-06-15,25,St,2,350,2023-06-15 11:56:00,2023-06-15 12:12:00,2023-06-15 17:56:00,2023-06-15 18:12:00,X10,X12
246,87,2023-06-15,25,St,3,350,2023-06-15 12:19:00,2023-06-15 12:38:00,2023-06-15 18:19:00,2023-06-15 18:38:00,X10,X12
247,88,2023-06-15,25,St,4,350,2023-06-15 15:27:00,2023-06-15 15:43:00,2023-06-15 21:27:00,2023-06-15 21:43:00,X10,X12
248,89,2023-06-15,25,St,5,350,2023-06-15 16:19:00,2023-06-15 16:40:00,2023-06-15 22:19:00,2023-06-15 22:40:00,X10,X12
249,90,2023-06-15,25,St,6,350,2023-06-15 17:15:00,2023-06-15 17:34:00,2023-06-15 23:15:00,2023-06-15 23:34:00,X10,X12
250,91,2023-06-15,25,St,7,350,2023-06-15 17:47:00,2023-06-15 18:05:00,2023-06-15 23:47:00,2023-06-16 00:05:00,X10,X12
251,85,2023-06-15,25,Ac,1,235,2023-06-15 10:58:00,2023-06-15 11:14:00,2023-06-15 16:58:00,2023-06-15 17:14:00,X03,X04
252,86,2023-06-15,25,Ac,2,235,2023-06-15 11:56:00,2023-06-15 12:12:00,2023-06-15 17:56:00,2023-06-15 18:12:00,X03,X04
253,87,2023-06-15,25,Ac,3,235,2023-06-15 12:19:00,2023-06-15 12:38:00,2023-06-15 18:19:00,2023-06-15 18:38:00,X03,X04
254,88,2023-06-15,25,Ac,4,235,2023-06-15 15:27:00,2023-06-15 15:41:00,2023-06-15 21:27:00,2023-06-15 21:41:00,X03,X04
255,89,2023-06-15,25,Ac,5,235,2023-06-15 16:20:00,2023-06-15 16:40:00,2023-06-15 22:20:00,2023-06-15 22:40:00,X03,X04
256,90,2023-06-15,25,Ac,6,235,2023-06-15 17:17:00,2023-06-15 17:33:00,2023-06-15 23:17:00,2023-06-15 23:33:00,X03,X04
257,91,2023-06-15,25,Ac,7,235,2023-06-15 17:47:00,2023-06-15 18:05:00,2023-06-15 23:47:00,2023-06-16 00:05:00,X03,X04
258,92,2023-06-17,26,Ac,1,235,2023-06-17 12:05:00,2023-06-17 12:22:00,2023-06-17 18:05:00,2023-06-17 18:22:00,X07,X09
259,93,2023-06-17,26,Ac,2,235,2023-06-17 14:11:00,2023-06-17 14:28:00,2023-06-17 20:11:00,2023-06-17 20:28:00,X07,X09
260,94,2023-06-17,26,Ac,3,235,2023-06-17 14:34:00,2023-06-17 14:51:00,2023-06-17 20:34:00,2023-06-17 20:51:00,X07,X09
261,95,2023-06-17,26,Ac,4,235,2023-06-17 16:21:00,2023-06-17 16:27:00,2023-06-17 22:21:00,2023-06-17 22:27:00,X07,X09
262,96,2023-06-17,26,Ac,5,235,2023-06-17 16:58:00,2023-06-17 17:17:00,2023-06-17 22:58:00,2023-06-17 23:17:00,X07,X09
263,97,2023-06-17,26,Ac,6,235,2023-06-17 17:22:00,2023-06-17 17:38:00,2023-06-17 23:22:00,2023-06-17 23:38:00,X07,X09
264,92,2023-06-17,26,St,1,350,2023-06-17 12:05:00,2023-06-17 12:23:00,2023-06-17 18:05:00,2023-06-17 18:23:00,X12,X11
265,93,2023-06-17,26,St,2,350,2023-06-17 14:11:00,2023-06-17 14:29:00,2023-06-17 20:11:00,2023-06-17 20:29:00,X12,X11
266,94,2023-06-17,26,St,3,350,2023-06-17 14:36:00,2023-06-17 14:52:00,2023-06-17 20:36:00,2023-06-17 20:52:00,X12,X11
267,95,2023-06-17,26,St,4,350,2023-06-17 16:21:00,2023-06-17 16:27:00,2023-06-17 22:21:00,2023-06-17 22:27:00,X12,X11
268,96,2023-06-17,26,St,5,350,2023-06-17 16:59:00,2023-06-17 17:17:00,2023-06-17 22:59:00,2023-06-17 23:17:00,X12,X11
269,97,2023-06-17,26,St,6,350,2023-06-17 17:22:00,2023-06-17 17:38:00,2023-06-17 23:22:00,2023-06-17 23:38:00,X12,X11
270,92,2023-06-17,26,Cb,1,120,2023-06-17 12:05:00,2023-06-17 12:23:00,2023-06-17 18:05:00,2023-06-17 18:23:00,X04,X03
271,93,2023-06-17,26,Cb,2,120,2023-06-17 14:11:00,2023-06-17 14:29:00,2023-06-17 20:11:00,2023-06-17 20:29:00,X04,X03
272,94,2023-06-17,26,Cb,3,120,2023-06-17 14:35:00,2023-06-17 14:52:00,2023-06-17 20:35:00,2023-06-17 20:52:00,X04,X03
273,95,2023-06-17,26,Cb,4,120,2023-06-17 16:21:00,2023-06-17 16:26:00,2023-06-17 22:21:00,2023-06-17 22:26:00,X04,X03
274,96,2023-06-17,26,Cb,5,120,2023-06-17 16:58:00,2023-06-17 17:18:00,2023-06-17 22:58:00,2023-06-17 23:18:00,X04,X03
275,97,2023-06-17,26,Cb,6,120,2023-06-17 17:22:00,2023-06-17 17:39:00,2023-06-17 23:22:00,2023-06-17 23:39:00,X04,X03
276,98,2023-06-21,27,Ac,1,235,2023-06-21 13:15:00,2023-06-21 13:30:00,2023-06-21 19:15:00,2023-06-21 19:30:00,X04,X09
277,99,2023-06-21,27,Ac,2,235,2023-06-21 16:04:00,2023-06-21 16:21:00,2023-06-21 22:04:00,2023-06-21 22:21:00,X04,X09
278,98,2023-06-21,27,Cb,1,120,2023-06-21 13:15:00,2023-06-21 13:30:00,2023-06-21 19:15:00,2023-06-21 19:30:00,X10,X03
279,99,2023-06-21,27,Cb,2,120,2023-06-21 16:04:00,2023-06-21 16:21:00,2023-06-21 22:04:00,2023-06-21 22:21:00,X10,X03
280,98,2023-06-21,27,St,1,350,2023-06-21 13:14:00,2023-06-21 13:32:00,2023-06-21 19:14:00,2023-06-21 19:32:00,X12,X05
281,99,2023-06-21,27,St,2,350,2023-06-21 16:04:00,2023-06-21 16:21:00,2023-06-21 22:04:00,2023-06-21 22:21:00,X12,X05
