,flight_id,iop,iop_date_local,nominal_altitude,sensor_aspirated,sensor_unaspirated,aspirated_start_time_utc,aspirated_end_time_utc,unaspirated_start_time_utc,unaspirated_end_time_utc,aspirated_stack_duration,unaspirated_stack_duration
0,01,1,2022-05-24 00:00:00,200,X07,,2022-05-24 22:39:29,2022-05-24 22:50:00,,,10.516666666666667,
3,02,1,2022-05-24 00:00:00,200,X07,,2022-05-24 23:17:23,2022-05-24 23:25:46,,,8.383333333333333,
6,03,1,2022-05-24 00:00:00,200,X07,,2022-05-24 23:44:25,2022-05-24 23:52:01,,,7.6,
9,04,2,2022-05-27 00:00:00,200,X02,,2022-05-27 19:49:08,2022-05-27 20:03:26,,,14.3,
10,04,2,2022-05-27 00:00:00,350,X04,,2022-05-27 19:48:57,2022-05-27 20:01:43,,,12.766666666666667,
11,04,2,2022-05-27 00:00:00,50,X09,,2022-05-27 19:48:28,2022-05-27 20:05:55,,,17.45,
12,05,2,2022-05-27 00:00:00,200,X02,,2022-05-27 20:17:10,2022-05-27 20:30:35,,,13.416666666666666,
13,05,2,2022-05-27 00:00:00,350,X04,,2022-05-27 20:17:15,2022-05-27 20:27:42,,,10.45,
14,05,2,2022-05-27 00:00:00,50,X09,,2022-05-27 20:17:09,2022-05-27 20:31:58,,,14.816666666666666,
15,06,2,2022-05-27 00:00:00,200,X02,,2022-05-27 21:08:39,2022-05-27 21:11:33,,,2.9,
16,06,2,2022-05-27 00:00:00,350,X04,,2022-05-27 21:08:30,2022-05-27 21:11:21,,,2.85,
17,07,3,2022-05-29 00:00:00,200,X02,,2022-05-29 18:18:41,2022-05-29 18:36:34,,,17.883333333333333,
18,07,3,2022-05-29 00:00:00,350,X04,,2022-05-29 18:18:27,2022-05-29 18:36:03,,,17.6,
19,07,3,2022-05-29 00:00:00,50,X09,,2022-05-29 18:18:27,2022-05-29 18:35:13,,,16.766666666666666,
20,08,3,2022-05-29 00:00:00,200,X02,,2022-05-29 21:05:37,2022-05-29 21:16:24,,,10.783333333333333,
21,08,3,2022-05-29 00:00:00,350,X04,,2022-05-29 21:06:10,2022-05-29 21:15:23,,,9.216666666666667,
22,08,3,2022-05-29 00:00:00,50,X09,,2022-05-29 21:05:32,2022-05-29 21:19:04,,,13.533333333333333,
23,09,3,2022-05-29 00:00:00,200,X02,,2022-05-29 22:13:40,2022-05-29 22:22:38,,,8.966666666666667,
24,09,3,2022-05-29 00:00:00,350,X04,,2022-05-29 22:13:07,2022-05-29 22:21:07,,,8.0,
25,10,4,2022-05-30 00:00:00,235,X02,,2022-05-30 21:39:39,2022-05-30 21:51:09,,,11.5,
26,10,4,2022-05-30 00:00:00,350,X04,,2022-05-30 21:39:41,2022-05-30 21:49:25,,,9.733333333333333,
27,10,4,2022-05-30 00:00:00,120,X09,,2022-05-30 21:39:52,2022-05-30 21:50:58,,,11.1,
28,11,4,2022-05-30 00:00:00,235,X02,,2022-05-30 22:36:19,2022-05-30 22:48:34,,,12.25,
29,11,4,2022-05-30 00:00:00,350,X04,,2022-05-30 22:36:09,2022-05-30 22:47:15,,,11.1,
30,11,4,2022-05-30 00:00:00,120,X09,,2022-05-30 22:36:27,2022-05-30 22:49:08,,,12.683333333333334,
31,12,5,2022-05-31 00:00:00,235,X02,,2022-05-31 17:41:28,2022-05-31 17:55:05,,,13.616666666666667,
32,12,5,2022-05-31 00:00:00,350,X04,,2022-05-31 17:41:16,2022-05-31 17:49:16,,,8.0,
34,13,6,2022-06-03 00:00:00,235,X02,,2022-06-03 18:43:08,2022-06-03 18:56:07,,,12.983333333333333,
35,13,6,2022-06-03 00:00:00,350,X04,,2022-06-03 18:46:46,2022-06-03 18:54:33,,,7.783333333333333,
36,13,6,2022-06-03 00:00:00,120,X10,,2022-06-03 18:43:14,2022-06-03 18:54:37,,,11.383333333333333,
37,14,6,2022-06-03 00:00:00,235,X02,,2022-06-03 20:26:30,2022-06-03 20:40:30,,,14.0,
38,14,6,2022-06-03 00:00:00,350,X04,,2022-06-03 20:26:19,2022-06-03 20:38:31,,,12.2,
39,14,6,2022-06-03 00:00:00,120,X10,,2022-06-03 20:31:11,2022-06-03 20:38:34,,,7.383333333333334,
40,15,6,2022-06-03 00:00:00,235,X02,,2022-06-03 21:23:10,2022-06-03 21:28:39,,,5.483333333333333,
42,15,6,2022-06-03 00:00:00,120,X10,,2022-06-03 21:23:14,2022-06-03 21:29:58,,,6.733333333333333,
43,16,7,2022-06-04 00:00:00,235,X02,,2022-06-04 18:35:30,2022-06-04 18:43:36,,,8.1,
44,16,7,2022-06-04 00:00:00,350,X03,,2022-06-04 18:29:17,2022-06-04 18:41:56,,,12.65,
45,16,7,2022-06-04 00:00:00,120,X10,,2022-06-04 18:29:25,2022-06-04 18:42:02,,,12.616666666666667,
46,17,7,2022-06-04 00:00:00,235,X02,,2022-06-04 19:34:53,2022-06-04 19:49:11,,,14.3,
47,17,7,2022-06-04 00:00:00,350,X03,,2022-06-04 19:35:01,2022-06-04 19:47:52,,,12.85,
48,17,7,2022-06-04 00:00:00,120,X10,,2022-06-04 19:34:52,2022-06-04 19:47:55,,,13.05,
49,18,7,2022-06-04 00:00:00,235,X02,,2022-06-04 20:03:13,2022-06-04 20:13:40,,,10.45,
50,18,7,2022-06-04 00:00:00,350,X03,,2022-06-04 20:03:25,2022-06-04 20:12:31,,,9.1,
51,18,7,2022-06-04 00:00:00,120,X10,,2022-06-04 20:04:17,2022-06-04 20:14:04,,,9.783333333333333,
52,19,7,2022-06-04 00:00:00,235,X02,,2022-06-04 21:07:27,2022-06-04 21:21:25,,,13.966666666666667,
53,19,7,2022-06-04 00:00:00,350,X03,,2022-06-04 21:07:25,2022-06-04 21:20:08,,,12.716666666666667,
54,19,7,2022-06-04 00:00:00,120,X10,,2022-06-04 21:07:40,2022-06-04 21:20:15,,,12.583333333333334,
55,20,7,2022-06-04 00:00:00,235,X02,,2022-06-04 21:47:08,2022-06-04 21:51:25,,,4.283333333333333,
56,20,7,2022-06-04 00:00:00,350,X03,,2022-06-04 21:47:16,2022-06-04 21:51:38,,,4.366666666666666,
57,20,7,2022-06-04 00:00:00,120,X10,,2022-06-04 21:47:39,2022-06-04 21:51:08,,,3.4833333333333334,
58,21,8,2022-06-06 00:00:00,235,X02,,2022-06-06 19:51:39,2022-06-06 20:05:10,,,13.516666666666667,
59,21,8,2022-06-06 00:00:00,350,X03,,2022-06-06 19:51:44,2022-06-06 20:03:57,,,12.216666666666667,
60,21,8,2022-06-06 00:00:00,120,X10,,2022-06-06 19:52:10,2022-06-06 20:04:00,,,11.833333333333334,
61,22,8,2022-06-06 00:00:00,235,X02,,2022-06-06 20:14:49,2022-06-06 20:28:44,,,13.916666666666666,
62,22,8,2022-06-06 00:00:00,350,X03,,2022-06-06 20:14:49,2022-06-06 20:27:34,,,12.75,
63,22,8,2022-06-06 00:00:00,120,X10,,2022-06-06 20:14:51,2022-06-06 20:27:51,,,13.0,
64,23,8,2022-06-06 00:00:00,235,X02,,2022-06-06 21:45:10,2022-06-06 22:00:46,,,15.6,
65,23,8,2022-06-06 00:00:00,350,X03,,2022-06-06 21:45:12,2022-06-06 21:59:02,,,13.833333333333334,
66,23,8,2022-06-06 00:00:00,120,X10,,2022-06-06 21:45:17,2022-06-06 21:59:18,,,14.016666666666667,
67,24,8,2022-06-06 00:00:00,235,X02,,2022-06-06 22:11:16,2022-06-06 22:20:27,,,9.183333333333334,
68,24,8,2022-06-06 00:00:00,350,X03,,2022-06-06 22:11:17,2022-06-06 22:24:45,,,13.466666666666667,
69,24,8,2022-06-06 00:00:00,120,X10,,2022-06-06 22:11:16,2022-06-06 22:24:37,,,13.35,
70,25,8,2022-06-06 00:00:00,235,X02,,2022-06-06 22:36:34,2022-06-06 22:43:40,,,7.1,
71,25,8,2022-06-06 00:00:00,350,X03,,2022-06-06 22:36:13,2022-06-06 22:45:07,,,8.9,
72,25,8,2022-06-06 00:00:00,120,X10,,2022-06-06 22:36:22,2022-06-06 22:45:15,,,8.883333333333333,
73,26,9,2022-06-07 00:00:00,120,X09,,2022-06-07 20:27:29,2022-06-07 20:39:47,,,12.3,
74,26,9,2022-06-07 00:00:00,5,X10,,2022-06-07 20:25:59,2022-06-07 20:41:02,,,15.05,
75,27,9,2022-06-07 00:00:00,120,X09,,2022-06-07 22:18:00,2022-06-07 22:26:52,,,8.866666666666667,
76,27,9,2022-06-07 00:00:00,5,X10,,2022-06-07 22:14:00,2022-06-07 22:29:22,,,15.366666666666667,
77,28,9,2022-06-07 00:00:00,120,X10,,2022-06-08 01:35:06,2022-06-08 01:42:10,,,7.066666666666666,
78,29,10,2022-06-09 00:00:00,235,X04,,2022-06-09 19:39:42,2022-06-09 19:56:04,,,16.366666666666667,
79,29,10,2022-06-09 00:00:00,350,X02,,2022-06-09 19:39:28,2022-06-09 19:54:52,,,15.4,
80,29,10,2022-06-09 00:00:00,120,X10,,2022-06-09 19:39:48,2022-06-09 19:54:48,,,15.0,
81,30,10,2022-06-09 00:00:00,235,X04,,2022-06-09 20:31:50,2022-06-09 20:38:04,,,6.233333333333333,
82,30,10,2022-06-09 00:00:00,350,X02,,2022-06-09 20:31:46,2022-06-09 20:36:50,,,5.066666666666666,
83,30,10,2022-06-09 00:00:00,120,X10,,2022-06-09 20:31:59,2022-06-09 20:36:57,,,4.966666666666667,
84,31,11,2022-06-11 00:00:00,350,X02,,2022-06-11 19:53:30,2022-06-11 20:02:31,,,9.016666666666667,
85,31,11,2022-06-11 00:00:00,120,X10,,2022-06-11 19:53:48,2022-06-11 20:02:56,,,9.133333333333333,
86,32,11,2022-06-11 00:00:00,350,X02,,2022-06-11 21:47:11,2022-06-11 21:59:38,,,12.45,
87,32,11,2022-06-11 00:00:00,120,X10,,2022-06-11 21:47:20,2022-06-11 22:00:29,,,13.15,
88,33,12,2022-06-12 00:00:00,350,X02,,2022-06-12 19:32:36,2022-06-12 19:47:03,,,14.45,
89,33,12,2022-06-12 00:00:00,120,X10,,2022-06-12 19:32:21,2022-06-12 19:45:30,,,13.15,
90,34,12,2022-06-12 00:00:00,235,X04,,2022-06-12 20:02:04,2022-06-12 20:15:13,,,13.15,
91,34,12,2022-06-12 00:00:00,350,X02,,2022-06-12 20:02:05,2022-06-12 20:13:20,,,11.25,
92,34,12,2022-06-12 00:00:00,120,X10,,2022-06-12 20:02:11,2022-06-12 20:14:56,,,12.75,
93,35,12,2022-06-12 00:00:00,235,X04,,2022-06-12 22:57:06,2022-06-12 23:08:43,,,11.616666666666667,
94,35,12,2022-06-12 00:00:00,350,X02,,2022-06-12 23:01:50,2022-06-12 23:09:13,,,7.383333333333334,
95,35,12,2022-06-12 00:00:00,120,X10,,2022-06-12 22:54:55,2022-06-12 23:08:25,,,13.5,
97,36,12,2022-06-12 00:00:00,350,X02,,2022-06-13 00:24:49,2022-06-13 00:37:13,,,12.4,
98,36,12,2022-06-12 00:00:00,120,X10,,2022-06-13 00:25:14,2022-06-13 00:38:53,,,13.65,
99,37,12,2022-06-12 00:00:00,235,X03,,2022-06-13 01:00:19,2022-06-13 01:11:28,,,11.15,
100,37,12,2022-06-12 00:00:00,350,X02,,2022-06-13 01:00:36,2022-06-13 01:09:22,,,8.766666666666667,
101,37,12,2022-06-12 00:00:00,120,X10,,2022-06-13 01:00:22,2022-06-13 01:11:10,,,10.8,
102,38,13,2022-06-17 00:00:00,350,X02,,2022-06-17 20:17:02,2022-06-17 20:29:23,,,12.35,
103,38,13,2022-06-17 00:00:00,120,X10,,2022-06-17 20:16:29,2022-06-17 20:29:29,,,13.0,
104,39,13,2022-06-17 00:00:00,235,X01,,2022-06-17 21:10:59,2022-06-17 21:21:26,,,10.45,
105,39,13,2022-06-17 00:00:00,350,X02,,2022-06-17 21:11:21,2022-06-17 21:21:44,,,10.383333333333333,
106,39,13,2022-06-17 00:00:00,120,X10,,2022-06-17 21:10:50,2022-06-17 21:20:24,,,9.566666666666666,
107,40,13,2022-06-17 00:00:00,235,X01,,2022-06-17 23:54:40,2022-06-18 00:07:40,,,13.0,
108,40,13,2022-06-17 00:00:00,350,X02,,2022-06-17 23:54:39,2022-06-18 00:06:32,,,11.883333333333333,
109,40,13,2022-06-17 00:00:00,120,X10,,2022-06-17 23:54:34,2022-06-18 00:08:56,,,14.366666666666667,
110,41,13,2022-06-17 00:00:00,235,X01,,2022-06-18 00:22:28,2022-06-18 00:35:33,,,13.083333333333334,
111,41,13,2022-06-17 00:00:00,350,X02,,2022-06-18 00:22:35,2022-06-18 00:35:21,,,12.766666666666667,
112,41,13,2022-06-17 00:00:00,120,X10,,2022-06-18 00:22:21,2022-06-18 00:35:00,,,12.65,
113,42,13,2022-06-17 00:00:00,235,X01,,2022-06-18 01:03:38,2022-06-18 01:18:17,,,14.65,
114,42,13,2022-06-17 00:00:00,350,X02,,2022-06-18 01:02:39,2022-06-18 01:12:06,,,9.45,
115,42,13,2022-06-17 00:00:00,120,X10,,2022-06-18 01:02:55,2022-06-18 01:17:18,,,14.383333333333333,
116,43,13,2022-06-17 00:00:00,235,X01,,2022-06-18 01:34:28,2022-06-18 01:46:30,,,12.033333333333333,
117,43,13,2022-06-17 00:00:00,350,X02,,2022-06-18 01:34:20,2022-06-18 01:45:55,,,11.583333333333334,
118,43,13,2022-06-17 00:00:00,120,X10,,2022-06-18 01:34:14,2022-06-18 01:46:02,,,11.8,
119,44,14,2022-06-18 00:00:00,350,X02,,2022-06-18 19:33:14,2022-06-18 19:42:17,,,9.05,
120,44,14,2022-06-18 00:00:00,120,X10,,2022-06-18 19:33:08,2022-06-18 19:43:17,,,10.15,
121,45,14,2022-06-18 00:00:00,120,X10,,2022-06-18 20:10:58,2022-06-18 20:23:17,,,12.316666666666666,
122,45,14,2022-06-18 00:00:00,350,X02,,2022-06-18 20:11:11,2022-06-18 20:23:23,,,12.2,
123,46,14,2022-06-18 00:00:00,5,X10,,2022-06-18 22:09:45,2022-06-18 22:18:46,,,9.016666666666667,
125,47,14,2022-06-18 00:00:00,120,X10,,2022-06-19 01:26:02,2022-06-19 01:39:15,,,13.216666666666667,
126,47,14,2022-06-18 00:00:00,350,X02,,2022-06-19 01:25:31,2022-06-19 01:37:15,,,11.733333333333333,
127,48,14,2022-06-18 00:00:00,350,X02,,2022-06-19 01:46:54,2022-06-19 02:01:14,,,14.333333333333334,
128,48,14,2022-06-18 00:00:00,120,X10,,2022-06-19 01:46:26,2022-06-19 02:00:58,,,14.533333333333333,
129,49,15,2023-05-24 00:00:00,350,X04,X05,2023-05-24 18:48:12,2023-05-24 19:00:02,,,11.833333333333334,
130,49,15,2023-05-24 00:00:00,235,X10,X01,,,2023-05-24 18:48:23,2023-05-24 19:01:21,,12.966666666666667
131,49,15,2023-05-24 00:00:00,120,X03,X02,2023-05-24 18:49:13,2023-05-24 19:01:58,2023-05-24 18:49:15,2023-05-24 18:52:41,12.75,3.433333333333333
132,50,16,2023-05-26 00:00:00,350,X09,X06,2023-05-26 19:05:59,2023-05-26 19:18:08,2023-05-26 19:06:00,2023-05-26 19:18:09,12.15,12.15
133,50,16,2023-05-26 00:00:00,235,X10,X03,2023-05-26 19:13:18,2023-05-26 19:18:04,2023-05-26 19:06:05,2023-05-26 19:18:05,4.766666666666667,12.0
134,50,16,2023-05-26 00:00:00,120,X04,X07,2023-05-26 19:07:02,2023-05-26 19:19:17,2023-05-26 19:07:02,2023-05-26 19:18:04,12.25,11.033333333333333
135,51,16,2023-05-26 00:00:00,350,X09,X06,2023-05-26 20:49:57,2023-05-26 20:59:30,2023-05-26 20:49:57,2023-05-26 20:59:28,9.55,9.516666666666667
136,51,16,2023-05-26 00:00:00,235,X10,X03,2023-05-26 20:49:55,2023-05-26 20:59:20,2023-05-26 20:49:56,2023-05-26 20:59:21,9.416666666666666,9.416666666666666
137,51,16,2023-05-26 00:00:00,120,X04,X07,2023-05-26 20:50:38,2023-05-26 20:59:47,2023-05-26 20:50:38,2023-05-26 20:59:46,9.15,9.133333333333333
138,52,17,2023-05-27 00:00:00,350,X09,X05,2023-05-27 18:32:19,2023-05-27 18:44:18,2023-05-27 18:32:18,2023-05-27 18:49:00,11.983333333333333,16.7
139,52,17,2023-05-27 00:00:00,235,X10,X03,2023-05-27 18:32:34,2023-05-27 18:43:56,2023-05-27 18:32:34,2023-05-27 18:43:57,11.366666666666667,11.383333333333333
140,52,17,2023-05-27 00:00:00,120,X04,X07,2023-05-27 18:33:15,2023-05-27 18:45:25,2023-05-27 18:33:13,2023-05-27 18:45:26,12.166666666666666,12.216666666666667
141,53,17,2023-05-27 00:00:00,350,X09,X05,2023-05-27 21:29:30,2023-05-27 21:41:25,2023-05-27 21:29:31,2023-05-27 21:41:25,11.916666666666666,11.9
142,53,17,2023-05-27 00:00:00,235,X10,X03,2023-05-27 21:30:20,2023-05-27 21:41:15,2023-05-27 21:30:20,2023-05-27 21:41:15,10.916666666666666,10.916666666666666
143,53,17,2023-05-27 00:00:00,120,X04,X07,2023-05-27 21:29:38,2023-05-27 21:42:55,2023-05-27 21:29:35,2023-05-27 21:42:54,13.283333333333333,13.316666666666666
144,54,17,2023-05-27 00:00:00,350,X09,X05,2023-05-27 23:34:02,2023-05-27 23:45:59,2023-05-27 23:34:01,2023-05-27 23:46:00,11.95,11.983333333333333
145,54,17,2023-05-27 00:00:00,235,X10,X03,2023-05-27 23:33:45,2023-05-27 23:45:47,2023-05-27 23:33:45,2023-05-27 23:45:49,12.033333333333333,12.066666666666666
146,54,17,2023-05-27 00:00:00,120,X04,X07,2023-05-27 23:33:48,2023-05-27 23:47:54,2023-05-27 23:33:48,2023-05-27 23:38:02,14.1,4.233333333333333
147,55,18,2023-05-30 00:00:00,350,X03,X05,2023-05-30 18:38:58,2023-05-30 18:50:19,2023-05-30 18:39:00,2023-05-30 18:50:19,11.35,11.316666666666666
148,56,18,2023-05-30 00:00:00,350,X03,X05,2023-05-30 22:16:43,2023-05-30 22:31:47,2023-05-30 22:16:43,2023-05-30 22:31:47,15.066666666666666,15.066666666666666
149,57,18,2023-05-30 00:00:00,350,X03,X05,2023-05-30 22:59:14,2023-05-30 23:15:43,2023-05-30 22:59:14,2023-05-30 23:15:43,16.483333333333334,16.483333333333334
150,58,18,2023-05-30 00:00:00,350,X03,X05,2023-05-30 23:39:40,2023-05-30 23:52:21,2023-05-30 23:39:40,2023-05-30 23:52:22,12.683333333333334,12.7
151,59,18,2023-05-30 00:00:00,350,X03,X05,2023-05-31 00:15:19,2023-05-31 00:28:24,,,13.083333333333334,
152,60,18,2023-05-30 00:00:00,350,X03,X05,2023-05-31 01:17:30,2023-05-31 01:29:55,,,12.416666666666666,
153,61,18,2023-05-30 00:00:00,350,X03,X05,2023-05-31 01:48:19,2023-05-31 01:56:48,,,8.483333333333333,
154,55,18,2023-05-30 00:00:00,235,X01,X10,2023-05-30 18:40:37,2023-05-30 18:50:36,2023-05-30 18:40:37,2023-05-30 18:50:36,9.983333333333333,9.983333333333333
155,56,18,2023-05-30 00:00:00,235,X01,X10,2023-05-30 22:17:21,2023-05-30 22:32:00,2023-05-30 22:17:21,2023-05-30 22:32:03,14.65,14.7
156,57,18,2023-05-30 00:00:00,235,X01,X10,2023-05-30 23:02:42,2023-05-30 23:16:02,,,13.333333333333334,
157,58,18,2023-05-30 00:00:00,235,X01,X10,2023-05-30 23:39:39,2023-05-30 23:52:39,,,13.0,
158,59,18,2023-05-30 00:00:00,235,X01,X10,2023-05-31 00:15:47,2023-05-31 00:28:41,,,12.9,
159,60,18,2023-05-30 00:00:00,235,X01,X10,2023-05-31 01:17:27,2023-05-31 01:30:03,,,12.6,
160,61,18,2023-05-30 00:00:00,235,X01,X10,2023-05-31 01:48:20,2023-05-31 01:56:55,,,8.583333333333334,
161,55,18,2023-05-30 00:00:00,120,X04,X07,2023-05-30 18:38:38,2023-05-30 18:44:15,2023-05-30 18:38:38,2023-05-30 18:51:26,5.616666666666666,12.8
162,56,18,2023-05-30 00:00:00,120,X07,X04,,,2023-05-30 22:16:55,2023-05-30 22:31:56,,15.016666666666667
163,57,18,2023-05-30 00:00:00,120,X07,X04,,,2023-05-30 22:59:31,2023-05-30 23:16:16,,16.75
164,58,18,2023-05-30 00:00:00,120,X07,X04,,,2023-05-30 23:39:52,2023-05-30 23:52:41,,12.816666666666666
165,59,18,2023-05-30 00:00:00,120,X07,X04,,,2023-05-31 00:15:12,2023-05-31 00:28:41,,13.483333333333333
166,60,18,2023-05-30 00:00:00,120,X07,X04,,,2023-05-31 01:17:19,2023-05-31 01:30:05,,12.766666666666667
168,62,19,2023-06-01 00:00:00,120,X09,X01,2023-06-01 18:48:40,2023-06-01 19:01:33,,,12.883333333333333,
169,63,19,2023-06-01 00:00:00,120,X09,X01,2023-06-01 19:12:17,2023-06-01 19:27:34,,,15.283333333333333,
170,64,19,2023-06-01 00:00:00,120,X09,X01,2023-06-01 19:43:52,2023-06-01 19:57:27,,,13.583333333333334,
171,65,19,2023-06-01 00:00:00,120,X09,X01,2023-06-01 23:02:24,2023-06-01 23:10:02,,,7.633333333333334,
172,66,19,2023-06-01 00:00:00,120,X09,X01,2023-06-02 00:09:35,2023-06-02 00:27:08,,,17.55,
173,62,19,2023-06-01 00:00:00,235,X04,X07,2023-06-01 18:48:23,2023-06-01 19:01:17,2023-06-01 18:48:24,2023-06-01 19:01:18,12.9,12.9
174,63,19,2023-06-01 00:00:00,235,X04,X07,2023-06-01 19:15:37,2023-06-01 19:21:25,2023-06-01 19:12:07,2023-06-01 19:21:22,5.8,9.25
175,64,19,2023-06-01 00:00:00,235,X04,X07,2023-06-01 19:43:46,2023-06-01 19:57:17,2023-06-01 19:43:45,2023-06-01 19:57:20,13.516666666666667,13.583333333333334
176,65,19,2023-06-01 00:00:00,235,X04,X07,2023-06-01 22:56:34,2023-06-01 23:09:18,2023-06-01 22:56:33,2023-06-01 23:09:18,12.733333333333333,12.75
177,66,19,2023-06-01 00:00:00,235,X04,X07,2023-06-02 00:09:38,2023-06-02 00:26:58,2023-06-02 00:09:40,2023-06-02 00:26:59,17.333333333333332,17.316666666666666
178,62,19,2023-06-01 00:00:00,350,X03,X06,2023-06-01 18:48:48,2023-06-01 19:01:13,2023-06-01 18:48:47,2023-06-01 19:01:13,12.416666666666666,12.433333333333334
179,63,19,2023-06-01 00:00:00,350,X03,X06,2023-06-01 19:12:10,2023-06-01 19:21:23,2023-06-01 19:12:09,2023-06-01 19:21:21,9.216666666666667,9.2
180,64,19,2023-06-01 00:00:00,350,X03,X06,2023-06-01 19:43:50,2023-06-01 19:57:18,2023-06-01 19:43:49,2023-06-01 19:57:19,13.466666666666667,13.5
181,65,19,2023-06-01 00:00:00,350,X03,X06,2023-06-01 22:56:37,2023-06-01 23:09:13,2023-06-01 22:56:39,2023-06-01 23:09:13,12.6,12.566666666666666
182,66,19,2023-06-01 00:00:00,350,X03,X06,2023-06-02 00:09:45,2023-06-02 00:26:57,2023-06-02 00:09:46,2023-06-02 00:26:57,17.2,17.183333333333334
183,67,20,2023-06-02 00:00:00,120,X10,X01,2023-06-02 18:14:13,2023-06-02 18:22:26,,,8.216666666666667,
184,68,20,2023-06-02 00:00:00,120,X10,X01,2023-06-02 19:24:51,2023-06-02 19:40:47,,,15.933333333333334,
185,69,20,2023-06-02 00:00:00,120,X10,X01,2023-06-02 23:44:05,2023-06-02 23:57:33,,,13.466666666666667,
186,70,20,2023-06-02 00:00:00,120,X10,X01,2023-06-03 00:06:48,2023-06-03 00:19:43,,,12.916666666666666,
187,67,20,2023-06-02 00:00:00,235,X07,X09,2023-06-02 18:14:16,2023-06-02 18:26:35,2023-06-02 18:14:14,2023-06-02 18:26:35,12.316666666666666,12.35
188,68,20,2023-06-02 00:00:00,235,X07,X09,2023-06-02 19:24:55,2023-06-02 19:40:36,2023-06-02 19:24:53,2023-06-02 19:40:35,15.683333333333334,15.7
189,69,20,2023-06-02 00:00:00,235,X07,X09,2023-06-02 23:44:05,2023-06-02 23:57:23,2023-06-02 23:44:06,2023-06-02 23:57:23,13.3,13.283333333333333
190,70,20,2023-06-02 00:00:00,235,X07,X09,2023-06-03 00:06:58,2023-06-03 00:19:33,2023-06-03 00:06:57,2023-06-03 00:19:32,12.583333333333334,12.583333333333334
191,67,20,2023-06-02 00:00:00,350,X04,X05,2023-06-02 18:14:25,2023-06-02 18:26:33,2023-06-02 18:14:23,2023-06-02 18:26:32,12.133333333333333,12.15
192,68,20,2023-06-02 00:00:00,350,X04,X05,2023-06-02 19:25:07,2023-06-02 19:40:34,2023-06-02 19:25:04,2023-06-02 19:40:35,15.45,15.516666666666667
193,69,20,2023-06-02 00:00:00,350,X04,X05,2023-06-02 23:44:11,2023-06-02 23:57:24,2023-06-02 23:44:11,2023-06-02 23:57:25,13.216666666666667,13.233333333333333
194,70,20,2023-06-02 00:00:00,350,X04,X05,2023-06-03 00:06:59,2023-06-03 00:19:34,2023-06-03 00:06:57,2023-06-03 00:19:34,12.583333333333334,12.616666666666667
195,71,21,2023-06-06 00:00:00,235,X04,X07,2023-06-06 21:45:25,2023-06-06 21:53:30,2023-06-06 21:42:07,2023-06-06 21:53:29,8.083333333333334,11.366666666666667
196,71,21,2023-06-06 00:00:00,350,X09,X06,2023-06-06 21:42:08,2023-06-06 21:53:37,2023-06-06 21:42:07,2023-06-06 21:53:37,11.483333333333333,11.5
197,71,21,2023-06-06 00:00:00,120,X10,X01,2023-06-06 21:42:15,2023-06-06 21:53:51,,,11.6,
198,72,22,2023-06-08 00:00:00,235,X10,,2023-06-08 19:58:50,2023-06-08 20:10:27,,,11.616666666666667,
199,73,22,2023-06-08 00:00:00,235,X10,,2023-06-08 22:40:25,2023-06-08 22:54:50,,,14.416666666666666,
200,74,22,2023-06-08 00:00:00,235,X10,,2023-06-08 23:38:24,2023-06-08 23:51:01,,,12.616666666666667,
201,72,22,2023-06-08 00:00:00,350,X09,X05,2023-06-08 19:59:33,2023-06-08 20:10:22,2023-06-08 19:59:33,2023-06-08 20:10:22,10.816666666666666,10.816666666666666
202,73,22,2023-06-08 00:00:00,350,X09,X05,2023-06-08 22:40:33,2023-06-08 22:54:42,2023-06-08 22:40:33,2023-06-08 22:54:51,14.15,14.3
203,74,22,2023-06-08 00:00:00,350,X09,X05,2023-06-08 23:38:27,2023-06-08 23:50:46,2023-06-08 23:38:27,2023-06-08 23:50:46,12.316666666666666,12.316666666666666
204,72,22,2023-06-08 00:00:00,120,X04,X03,2023-06-08 19:58:43,2023-06-08 20:10:34,2023-06-08 19:58:43,2023-06-08 20:10:36,11.85,11.883333333333333
205,73,22,2023-06-08 00:00:00,120,X04,X03,2023-06-08 22:44:00,2023-06-08 22:55:05,2023-06-08 22:40:37,2023-06-08 22:55:05,11.083333333333334,14.466666666666667
206,74,22,2023-06-08 00:00:00,120,X04,X03,2023-06-08 23:38:23,2023-06-08 23:50:30,2023-06-08 23:38:24,2023-06-08 23:51:05,12.116666666666667,12.683333333333334
207,75,23,2023-06-10 00:00:00,235,X03,X04,2023-06-10 18:14:35,2023-06-10 18:27:15,2023-06-10 18:15:25,2023-06-10 18:23:58,12.666666666666666,8.55
208,76,23,2023-06-10 00:00:00,235,X03,X04,2023-06-10 20:38:15,2023-06-10 20:46:38,2023-06-10 20:45:58,2023-06-10 20:46:37,8.383333333333333,0.65
209,77,23,2023-06-10 00:00:00,235,X03,X04,2023-06-10 21:09:49,2023-06-10 21:16:50,2023-06-10 21:09:50,2023-06-10 21:12:27,7.016666666666667,2.6166666666666667
210,78,23,2023-06-10 00:00:00,235,X03,X04,2023-06-10 23:14:41,2023-06-10 23:24:40,2023-06-10 23:14:38,2023-06-10 23:24:40,9.983333333333333,10.033333333333333
211,79,23,2023-06-10 00:00:00,235,X03,X04,2023-06-10 23:49:04,2023-06-10 23:53:04,2023-06-10 23:48:58,2023-06-10 23:54:35,4.0,5.616666666666666
212,80,23,2023-06-10 00:00:00,235,X03,X04,2023-06-11 01:15:56,2023-06-11 01:25:24,2023-06-11 01:13:32,2023-06-11 01:19:55,9.466666666666667,6.383333333333334
213,81,23,2023-06-10 00:00:00,235,X03,X04,2023-06-11 01:38:47,2023-06-11 01:46:08,2023-06-11 01:51:01,2023-06-11 01:52:52,7.35,1.85
214,75,23,2023-06-10 00:00:00,350,X10,X06,2023-06-10 18:14:38,2023-06-10 18:27:17,2023-06-10 18:14:39,2023-06-10 18:27:17,12.65,12.633333333333333
215,76,23,2023-06-10 00:00:00,350,X10,X06,2023-06-10 20:37:32,2023-06-10 20:46:41,2023-06-10 20:32:36,2023-06-10 20:46:41,9.15,14.083333333333334
216,77,23,2023-06-10 00:00:00,350,X10,X06,2023-06-10 21:09:53,2023-06-10 21:16:47,2023-06-10 21:09:54,2023-06-10 21:16:46,6.9,6.866666666666666
217,78,23,2023-06-10 00:00:00,350,X10,X06,2023-06-10 23:14:48,2023-06-10 23:27:08,2023-06-10 23:14:48,2023-06-10 23:27:08,12.333333333333334,12.333333333333334
218,79,23,2023-06-10 00:00:00,350,X10,X06,2023-06-10 23:41:58,2023-06-10 23:54:37,2023-06-10 23:41:57,2023-06-10 23:54:38,12.65,12.683333333333334
219,80,23,2023-06-10 00:00:00,350,X10,X06,2023-06-11 01:12:14,2023-06-11 01:28:27,2023-06-11 01:12:14,2023-06-11 01:28:27,16.216666666666665,16.216666666666665
220,81,23,2023-06-10 00:00:00,350,X10,X06,2023-06-11 01:38:42,2023-06-11 01:52:47,2023-06-11 01:38:42,2023-06-11 01:52:47,14.083333333333334,14.083333333333334
221,75,23,2023-06-10 00:00:00,120,X09,X01,2023-06-10 18:14:32,2023-06-10 18:27:37,2023-06-10 18:14:32,2023-06-10 18:32:00,13.083333333333334,17.466666666666665
222,76,23,2023-06-10 00:00:00,120,X09,X01,2023-06-10 20:32:25,2023-06-10 20:46:48,2023-06-10 20:32:41,2023-06-10 20:46:50,14.383333333333333,14.15
223,77,23,2023-06-10 00:00:00,120,X09,X01,2023-06-10 21:09:41,2023-06-10 21:17:18,2023-06-10 21:12:26,2023-06-10 21:17:16,7.616666666666666,4.833333333333333
224,78,23,2023-06-10 00:00:00,120,X09,X01,2023-06-10 23:14:29,2023-06-10 23:27:19,2023-06-10 23:14:28,2023-06-10 23:25:00,12.833333333333334,10.533333333333333
225,79,23,2023-06-10 00:00:00,120,X09,X01,2023-06-10 23:41:46,2023-06-10 23:54:45,2023-06-10 23:45:48,2023-06-10 23:50:25,12.983333333333333,4.616666666666666
226,80,23,2023-06-10 00:00:00,120,X09,X01,2023-06-11 01:18:50,2023-06-11 01:28:37,2023-06-11 01:16:35,2023-06-11 01:26:51,9.783333333333333,10.266666666666667
227,81,23,2023-06-10 00:00:00,120,X09,X01,2023-06-11 01:38:36,2023-06-11 01:43:47,2023-06-11 01:38:40,2023-06-11 01:53:06,5.183333333333334,14.433333333333334
228,82,24,2023-06-12 00:00:00,235,X10,,2023-06-12 18:32:10,2023-06-12 18:33:03,,,0.8833333333333333,
229,83,24,2023-06-12 00:00:00,235,X10,,2023-06-12 22:25:40,2023-06-12 22:31:52,,,6.2,
230,84,24,2023-06-12 00:00:00,235,X10,,2023-06-12 23:42:38,2023-06-12 23:49:52,,,7.233333333333333,
231,82,24,2023-06-12 00:00:00,350,X04,X05,2023-06-12 18:22:29,2023-06-12 18:36:10,2023-06-12 18:22:29,2023-06-12 18:36:09,13.683333333333334,13.666666666666666
232,83,24,2023-06-12 00:00:00,350,X04,X05,2023-06-12 22:25:48,2023-06-12 22:31:54,2023-06-12 22:25:48,2023-06-12 22:31:54,6.1,6.1
233,84,24,2023-06-12 00:00:00,350,X04,X05,2023-06-12 23:35:54,2023-06-12 23:51:15,2023-06-12 23:35:53,2023-06-12 23:51:15,15.35,15.366666666666667
237,85,25,2023-06-15 00:00:00,120,X11,X09,2023-06-15 16:59:44,2023-06-15 17:11:16,2023-06-15 16:59:43,2023-06-15 17:11:17,11.533333333333333,11.566666666666666
238,86,25,2023-06-15 00:00:00,120,X11,X09,2023-06-15 17:58:14,2023-06-15 18:09:41,2023-06-15 17:58:14,2023-06-15 18:09:39,11.45,11.416666666666666
239,87,25,2023-06-15 00:00:00,120,X11,X09,2023-06-15 18:21:19,2023-06-15 18:36:07,2023-06-15 18:21:18,2023-06-15 18:36:05,14.8,14.783333333333333
240,88,25,2023-06-15 00:00:00,120,X11,X09,2023-06-15 21:29:28,2023-06-15 21:39:49,2023-06-15 21:29:27,2023-06-15 21:39:50,10.35,10.383333333333333
241,89,25,2023-06-15 00:00:00,120,X11,X09,2023-06-15 22:21:34,2023-06-15 22:37:15,2023-06-15 22:21:34,2023-06-15 22:37:13,15.683333333333334,15.65
242,90,25,2023-06-15 00:00:00,120,X11,X09,2023-06-15 23:19:24,2023-06-15 23:31:06,2023-06-15 23:19:24,2023-06-15 23:31:07,11.7,11.716666666666667
243,91,25,2023-06-15 00:00:00,120,X11,X09,2023-06-15 23:49:12,2023-06-16 00:02:44,2023-06-15 23:49:13,2023-06-16 00:02:43,13.533333333333333,13.5
244,85,25,2023-06-15 00:00:00,350,X10,X12,2023-06-15 16:59:56,2023-06-15 17:11:14,2023-06-15 16:59:57,2023-06-15 17:11:14,11.3,11.283333333333333
245,86,25,2023-06-15 00:00:00,350,X10,X12,2023-06-15 17:58:21,2023-06-15 18:09:39,2023-06-15 17:58:22,2023-06-15 18:09:39,11.3,11.283333333333333
246,87,25,2023-06-15 00:00:00,350,X10,X12,2023-06-15 18:21:28,2023-06-15 18:35:53,2023-06-15 18:21:28,2023-06-15 18:35:53,14.416666666666666,14.416666666666666
247,88,25,2023-06-15 00:00:00,350,X10,X12,2023-06-15 21:29:37,2023-06-15 21:39:39,2023-06-15 21:29:37,2023-06-15 21:39:39,10.033333333333333,10.033333333333333
248,89,25,2023-06-15 00:00:00,350,X10,X12,2023-06-15 22:26:31,2023-06-15 22:37:05,2023-06-15 22:26:31,2023-06-15 22:37:06,10.566666666666666,10.583333333333334
249,90,25,2023-06-15 00:00:00,350,X10,X12,2023-06-15 23:19:19,2023-06-15 23:30:59,2023-06-15 23:19:11,2023-06-15 23:31:01,11.666666666666666,11.833333333333334
250,91,25,2023-06-15 00:00:00,350,X10,X12,2023-06-15 23:49:19,2023-06-16 00:02:41,2023-06-15 23:49:19,2023-06-16 00:02:42,13.366666666666667,13.383333333333333
251,85,25,2023-06-15 00:00:00,235,X03,X04,2023-06-15 17:05:27,2023-06-15 17:11:06,2023-06-15 17:05:27,2023-06-15 17:11:06,5.65,5.65
252,86,25,2023-06-15 00:00:00,235,X03,X04,2023-06-15 17:58:10,2023-06-15 18:09:11,2023-06-15 17:58:11,2023-06-15 18:09:31,11.016666666666667,11.333333333333334
253,87,25,2023-06-15 00:00:00,235,X03,X04,2023-06-15 18:21:15,2023-06-15 18:36:01,2023-06-15 18:21:14,2023-06-15 18:36:01,14.766666666666667,14.783333333333333
254,88,25,2023-06-15 00:00:00,235,X03,X04,2023-06-15 21:29:26,2023-06-15 21:37:09,2023-06-15 21:29:27,2023-06-15 21:39:37,7.716666666666667,10.166666666666666
255,89,25,2023-06-15 00:00:00,235,X03,X04,2023-06-15 22:21:37,2023-06-15 22:34:21,2023-06-15 22:21:35,2023-06-15 22:36:40,12.733333333333333,15.083333333333334
256,90,25,2023-06-15 00:00:00,235,X03,X04,2023-06-15 23:19:39,2023-06-15 23:30:58,2023-06-15 23:19:36,2023-06-15 23:30:58,11.316666666666666,11.366666666666667
257,91,25,2023-06-15 00:00:00,235,X03,X04,2023-06-15 23:49:15,2023-06-15 23:59:01,2023-06-15 23:49:10,2023-06-16 00:02:33,9.766666666666667,13.383333333333333
258,92,26,2023-06-17 00:00:00,235,X07,X09,2023-06-17 18:07:01,2023-06-17 18:19:46,2023-06-17 18:07:01,2023-06-17 18:19:45,12.75,12.733333333333333
259,93,26,2023-06-17 00:00:00,235,X07,X09,2023-06-17 20:12:47,2023-06-17 20:26:18,2023-06-17 20:12:47,2023-06-17 20:26:20,13.516666666666667,13.55
260,94,26,2023-06-17 00:00:00,235,X07,X09,2023-06-17 20:36:38,2023-06-17 20:49:09,2023-06-17 20:36:38,2023-06-17 20:49:10,12.516666666666667,12.533333333333333
261,95,26,2023-06-17 00:00:00,235,X07,X09,2023-06-17 22:23:07,2023-06-17 22:25:21,2023-06-17 22:23:06,2023-06-17 22:25:21,2.2333333333333334,2.25
262,96,26,2023-06-17 00:00:00,235,X07,X09,2023-06-17 23:04:55,2023-06-17 23:10:13,2023-06-17 23:00:19,2023-06-17 23:15:03,5.3,14.733333333333333
263,97,26,2023-06-17 00:00:00,235,X07,X09,2023-06-17 23:23:49,2023-06-17 23:36:07,2023-06-17 23:23:50,2023-06-17 23:36:07,12.3,12.283333333333333
264,92,26,2023-06-17 00:00:00,350,X12,X11,2023-06-17 18:11:21,2023-06-17 18:20:09,2023-06-17 18:06:54,2023-06-17 18:19:41,8.8,12.783333333333333
265,93,26,2023-06-17 00:00:00,350,X12,X11,2023-06-17 20:12:21,2023-06-17 20:26:42,2023-06-17 20:12:49,2023-06-17 20:26:13,14.35,13.4
266,94,26,2023-06-17 00:00:00,350,X12,X11,2023-06-17 20:36:07,2023-06-17 20:49:34,2023-06-17 20:36:36,2023-06-17 20:49:05,13.45,12.483333333333333
267,95,26,2023-06-17 00:00:00,350,X12,X11,2023-06-17 22:22:43,2023-06-17 22:25:54,2023-06-17 22:23:10,2023-06-17 22:25:26,3.183333333333333,2.2666666666666666
268,96,26,2023-06-17 00:00:00,350,X12,X11,,,2023-06-17 23:00:10,2023-06-17 23:14:58,,14.8
269,97,26,2023-06-17 00:00:00,350,X12,X11,,,2023-06-17 23:23:55,2023-06-17 23:36:03,,12.133333333333333
270,92,26,2023-06-17 00:00:00,120,X04,X03,2023-06-17 18:06:57,2023-06-17 18:19:45,2023-06-17 18:06:57,2023-06-17 18:19:45,12.8,12.8
271,93,26,2023-06-17 00:00:00,120,X04,X03,2023-06-17 20:12:34,2023-06-17 20:26:28,2023-06-17 20:12:33,2023-06-17 20:26:27,13.9,13.9
272,94,26,2023-06-17 00:00:00,120,X04,X03,2023-06-17 20:40:34,2023-06-17 20:49:21,2023-06-17 20:36:31,2023-06-17 20:49:24,8.783333333333333,12.883333333333333
273,95,26,2023-06-17 00:00:00,120,X04,X03,2023-06-17 22:22:50,2023-06-17 22:25:22,2023-06-17 22:22:49,2023-06-17 22:25:22,2.533333333333333,2.55
274,96,26,2023-06-17 00:00:00,120,X04,X03,2023-06-17 23:00:05,2023-06-17 23:15:10,2023-06-17 23:00:05,2023-06-17 23:15:09,15.083333333333334,15.066666666666666
275,97,26,2023-06-17 00:00:00,120,X04,X03,2023-06-17 23:23:37,2023-06-17 23:36:15,2023-06-17 23:23:38,2023-06-17 23:36:15,12.633333333333333,12.616666666666667
276,98,27,2023-06-21 00:00:00,235,X04,X09,2023-06-21 19:16:52,2023-06-21 19:26:21,2023-06-21 19:16:51,2023-06-21 19:26:21,9.483333333333333,9.5
277,99,27,2023-06-21 00:00:00,235,X04,X09,2023-06-21 22:05:55,2023-06-21 22:11:37,2023-06-21 22:05:55,2023-06-21 22:11:37,5.7,5.7
278,98,27,2023-06-21 00:00:00,120,X10,X03,2023-06-21 19:17:02,2023-06-21 19:29:15,2023-06-21 19:17:02,2023-06-21 19:29:14,12.216666666666667,12.2
279,99,27,2023-06-21 00:00:00,120,X10,X03,2023-06-21 22:05:53,2023-06-21 22:17:42,2023-06-21 22:05:53,2023-06-21 22:17:42,11.816666666666666,11.816666666666666
280,98,27,2023-06-21 00:00:00,350,X12,X05,2023-06-21 19:17:03,2023-06-21 19:29:09,2023-06-21 19:17:02,2023-06-21 19:29:10,12.1,12.133333333333333
281,99,27,2023-06-21 00:00:00,350,X12,X05,2023-06-21 22:06:03,2023-06-21 22:17:48,2023-06-21 22:06:03,2023-06-21 22:17:49,11.75,11.766666666666667
